{
  "refusal_rate": 0.9,
  "kl": 0.0,
  "negation_retention": 0.9333333333333333,
  "follow_rate": 0.03333333333333333,
  "empty_rate": 0.0,
  "agentic_score": 0.9666666666666667,
  "degeneracy_rate": 0.0,
  "benchmarks": null
}